password,firstname,phone_number,email,age,username,lastname
2,4,6,3@yahoo.com,7,1,5
2,4,6,3@yahoo.com,7,1,5
2,4,6,3@yahoo.com,7,1,5
2,4,6,3@yahoo.com,7,1,5
2,4,6,3@yahoo.com,7,1,5
2,4,6,3@yahoo.com,7,1,5
2,4,6,3@yahoo.com,7,1,5
2,4,6,3@yahoo.com,7,1,5
2,4,6,3@yahoo.com,7,1,5
2,4,6,3@yahoo.com,7,1,5
2,4,6,3@yahoo.com,7,1,5
2,4,6,3@yahoo.com,7,1,5
2,4,6,3@yahoo.com,7,1,5
2,4,6,3@yahoo.com,7,1,5
2,4,6,3@yahoo.com,7,1,5
2,4,6,3@yahoo.com,7,1,5
2,4,6,3@yahoo.com,7,1,5
2,4,6,3@yahoo.com,7,1,5
c12,c14,12345,c13@yahoo.com,23,c11,c15
c22,c24,12345,c23@yahoo.com,33,c21,c25
c32,c34,12345,c33@yahoo.com,43,c31,c35
c42,c44,12345,c43@yahoo.com,53,c41,c45
c52,c54,12345,c53@yahoo.com,63,c51,c55
c62,c64,12345,c63@yahoo.com,73,c61,c65
c72,c74,12345,c73@yahoo.com,83,c71,c75
c82,c84,12345,c83@yahoo.com,93,c81,c85
c92,c94,12345,c93@yahoo.com,13,c91,c95
